Этап,URL,Страница,Город,Тип,Запрос,Язык,Роль запроса,Интент,Частотность/мес,Конкуренция Ads,Ставка low,Ставка high,Решение,Приоритет,Источник
1,/remont-elektrotransportu/,Ремонт електротранспорту у Харкові та Києві,Харків + Київ,електротранспорт,ремонт електротранспорту київ,UA,Коммерческий city-запрос,Выбрать тип электротранспорта и перейти на нужную услугу,,,,,Хаб-страница,Высокий,Из переписки/маска для проверки
1,/remont-elektrotransportu/,Ремонт електротранспорту у Харкові та Києві,Харків + Київ,електротранспорт,ремонт електротранспорту харків,UA,Коммерческий city-запрос,Выбрать тип электротранспорта и перейти на нужную услугу,,,,,Хаб-страница,Высокий,Из переписки/маска для проверки
1,/remont-elektrotransportu/,Ремонт електротранспорту у Харкові та Києві,Харків + Київ,електротранспорт,ремонт персонального электротранспорта,RU,Основной/дополнительный запрос,Выбрать тип электротранспорта и перейти на нужную услугу,,,,,Хаб-страница,Высокий,Из переписки/маска для проверки
1,/remont-elektrotransportu/,Ремонт електротранспорту у Харкові та Києві,Харків + Київ,електротранспорт,ремонт электротранспорта киев,RU,Коммерческий city-запрос,Выбрать тип электротранспорта и перейти на нужную услугу,,,,,Хаб-страница,Высокий,Из переписки/маска для проверки
1,/remont-elektrotransportu/,Ремонт електротранспорту у Харкові та Києві,Харків + Київ,електротранспорт,ремонт электротранспорта харьков,RU,Коммерческий city-запрос,Выбрать тип электротранспорта и перейти на нужную услугу,,,,,Хаб-страница,Высокий,Из переписки/маска для проверки
1,/remont-elektrotransportu/,Ремонт електротранспорту у Харкові та Києві,Харків + Київ,електротранспорт,сервис электротранспорта,RU,Основной/дополнительный запрос,Выбрать тип электротранспорта и перейти на нужную услугу,,,,,Хаб-страница,Высокий,Из переписки/маска для проверки
1,/remont-elektrosamokativ-kharkiv/,Ремонт електросамокатів у Харкові,Харків,електросамокат,ремонт электросамокатов харьков,RU,Коммерческий city-запрос,"Найти сервис по электросамокату в Харькове, цену, срок, адрес",140,Средний,"1,43","22,85",Отдельная SEO-страница,Максимальный,Keyword Stats 2026-05-14 at 17_17_56.csv
1,/remont-elektrosamokativ-kharkiv/,Ремонт електросамокатів у Харкові,Харків,електросамокат,ремонт электросамокатов,RU,Основной/дополнительный запрос,"Найти сервис по электросамокату в Харькове, цену, срок, адрес",70,Низкий,"1,94","24,00",Отдельная SEO-страница,Максимальный,Keyword Stats 2026-05-14 at 17_21_21.csv
1,/remont-elektrosamokativ-kharkiv/,Ремонт електросамокатів у Харкові,Харків,електросамокат,ремонт самокатов харьков,RU,Коммерческий city-запрос,"Найти сервис по электросамокату в Харькове, цену, срок, адрес",50,Средний,"1,36","25,00",Отдельная SEO-страница,Максимальный,Keyword Stats 2026-05-14 at 17_17_56.csv
1,/remont-elektrosamokativ-kharkiv/,Ремонт електросамокатів у Харкові,Харків,електросамокат,ремонт электросамокатов в харькове,RU,Коммерческий city-запрос,"Найти сервис по электросамокату в Харькове, цену, срок, адрес",20,Средний,"1,68","15,35",Отдельная SEO-страница,Максимальный,Keyword Stats 2026-05-14 at 17_17_56.csv
1,/remont-elektrosamokativ-kharkiv/,Ремонт електросамокатів у Харкові,Харків,електросамокат,kugoo s3 не включается,RU,Брендовый блок,"Найти сервис по электросамокату в Харькове, цену, срок, адрес",10,Неизвестно,nan,nan,Пока блок бренда внутри основной страницы,Максимальный,Keyword Stats 2026-05-14 at 17_17_56.csv
1,/remont-elektrosamokativ-kharkiv/,Ремонт електросамокатів у Харкові,Харків,електросамокат,kugoo сервисный центр,RU,Брендовый блок,"Найти сервис по электросамокату в Харькове, цену, срок, адрес",10,Неизвестно,nan,nan,Пока блок бренда внутри основной страницы,Максимальный,Keyword Stats 2026-05-14 at 17_21_21.csv
1,/remont-elektrosamokativ-kharkiv/,Ремонт електросамокатів у Харкові,Харків,електросамокат,ninebot не включается,RU,Брендовый блок,"Найти сервис по электросамокату в Харькове, цену, срок, адрес",10,Неизвестно,nan,nan,Пока блок бренда внутри основной страницы,Максимальный,Keyword Stats 2026-05-14 at 17_17_56.csv
1,/remont-elektrosamokativ-kharkiv/,Ремонт електросамокатів у Харкові,Харків,електросамокат,ninebot не заряжается,RU,Брендовый блок,"Найти сервис по электросамокату в Харькове, цену, срок, адрес",10,Низкий,nan,nan,Пока блок бренда внутри основной страницы,Максимальный,Keyword Stats 2026-05-14 at 17_17_56.csv
1,/remont-elektrosamokativ-kharkiv/,Ремонт електросамокатів у Харкові,Харків,електросамокат,ninebot самокат не включается,RU,Брендовый блок,"Найти сервис по электросамокату в Харькове, цену, срок, адрес",10,Неизвестно,nan,nan,Пока блок бренда внутри основной страницы,Максимальный,Keyword Stats 2026-05-14 at 17_17_56.csv
1,/remont-elektrosamokativ-kharkiv/,Ремонт електросамокатів у Харкові,Харків,електросамокат,диагностика электросамоката,RU,Блок поломки / FAQ,"Найти сервис по электросамокату в Харькове, цену, срок, адрес",10,Неизвестно,nan,nan,Пока блок поломки / FAQ внутри основной страницы,Максимальный,Keyword Stats 2026-05-14 at 17_21_21.csv
1,/remont-elektrosamokativ-kharkiv/,Ремонт електросамокатів у Харкові,Харків,електросамокат,мастер по ремонту электросамокатов,RU,Основной/дополнительный запрос,"Найти сервис по электросамокату в Харькове, цену, срок, адрес",10,Неизвестно,nan,nan,Отдельная SEO-страница,Максимальный,Keyword Stats 2026-05-14 at 17_21_21.csv
1,/remont-elektrosamokativ-kharkiv/,Ремонт електросамокатів у Харкові,Харків,електросамокат,настройка электросамоката,RU,Блок поломки / FAQ,"Найти сервис по электросамокату в Харькове, цену, срок, адрес",10,Неизвестно,nan,nan,Пока блок поломки / FAQ внутри основной страницы,Максимальный,Keyword Stats 2026-05-14 at 17_21_21.csv
1,/remont-elektrosamokativ-kharkiv/,Ремонт електросамокатів у Харкові,Харків,електросамокат,не включается самокат kugoo s3,RU,Брендовый блок,"Найти сервис по электросамокату в Харькове, цену, срок, адрес",10,Неизвестно,nan,nan,Пока блок бренда внутри основной страницы,Максимальный,Keyword Stats 2026-05-14 at 17_17_56.csv
1,/remont-elektrosamokativ-kharkiv/,Ремонт електросамокатів у Харкові,Харків,електросамокат,неисправности электросамоката,RU,Основной/дополнительный запрос,"Найти сервис по электросамокату в Харькове, цену, срок, адрес",10,Низкий,nan,nan,Отдельная SEO-страница,Максимальный,Keyword Stats 2026-05-14 at 17_21_21.csv
1,/remont-elektrosamokativ-kharkiv/,Ремонт електросамокатів у Харкові,Харків,електросамокат,обслуживание электросамоката,RU,Блок поломки / FAQ,"Найти сервис по электросамокату в Харькове, цену, срок, адрес",10,Неизвестно,nan,nan,Пока блок поломки / FAQ внутри основной страницы,Максимальный,Keyword Stats 2026-05-14 at 17_21_21.csv
1,/remont-elektrosamokativ-kharkiv/,Ремонт електросамокатів у Харкові,Харків,електросамокат,ошибки электросамокатов,RU,Блок поломки / FAQ,"Найти сервис по электросамокату в Харькове, цену, срок, адрес",10,Неизвестно,nan,nan,Пока блок поломки / FAQ внутри основной страницы,Максимальный,Keyword Stats 2026-05-14 at 17_21_21.csv
1,/remont-elektrosamokativ-kharkiv/,Ремонт електросамокатів у Харкові,Харків,електросамокат,поломки электросамоката,RU,Основной/дополнительный запрос,"Найти сервис по электросамокату в Харькове, цену, срок, адрес",10,Неизвестно,nan,nan,Отдельная SEO-страница,Максимальный,Keyword Stats 2026-05-14 at 17_21_21.csv
1,/remont-elektrosamokativ-kharkiv/,Ремонт електросамокатів у Харкові,Харків,електросамокат,разборка электросамокатов,RU,Блок поломки / FAQ,"Найти сервис по электросамокату в Харькове, цену, срок, адрес",10,Средний,nan,nan,Пока блок поломки / FAQ внутри основной страницы,Максимальный,Keyword Stats 2026-05-14 at 17_21_21.csv
1,/remont-elektrosamokativ-kharkiv/,Ремонт електросамокатів у Харкові,Харків,електросамокат,ремонт и обслуживание электросамокатов,RU,Блок поломки / FAQ,"Найти сервис по электросамокату в Харькове, цену, срок, адрес",10,Неизвестно,nan,nan,Пока блок поломки / FAQ внутри основной страницы,Максимальный,Keyword Stats 2026-05-14 at 17_21_21.csv
1,/remont-elektrosamokativ-kharkiv/,Ремонт електросамокатів у Харкові,Харків,електросамокат,ремонт самокатів,UA,Основной/дополнительный запрос,"Найти сервис по электросамокату в Харькове, цену, срок, адрес",10,Низкий,nan,nan,Отдельная SEO-страница,Максимальный,Keyword Stats 2026-05-14 at 17_21_21.csv
1,/remont-elektrosamokativ-kharkiv/,Ремонт електросамокатів у Харкові,Харків,електросамокат,ремонт электрических самокатов,RU,Основной/дополнительный запрос,"Найти сервис по электросамокату в Харькове, цену, срок, адрес",10,Неизвестно,nan,nan,Отдельная SEO-страница,Максимальный,Keyword Stats 2026-05-14 at 17_21_21.csv
1,/remont-elektrosamokativ-kharkiv/,Ремонт електросамокатів у Харкові,Харків,електросамокат,ремонт электросамокат,RU,Основной/дополнительный запрос,"Найти сервис по электросамокату в Харькове, цену, срок, адрес",10,Высокий,nan,nan,Отдельная SEO-страница,Максимальный,Keyword Stats 2026-05-14 at 17_21_21.csv
1,/remont-elektrosamokativ-kharkiv/,Ремонт електросамокатів у Харкові,Харків,електросамокат,ремонт электросамокатов kugoo,RU,Брендовый блок,"Найти сервис по электросамокату в Харькове, цену, срок, адрес",10,Неизвестно,nan,nan,Пока блок бренда внутри основной страницы,Максимальный,Keyword Stats 2026-05-14 at 17_21_21.csv
1,/remont-elektrosamokativ-kharkiv/,Ремонт електросамокатів у Харкові,Харків,електросамокат,ремонт электросамокатов рядом со мной,RU,Коммерческий city-запрос,"Найти сервис по электросамокату в Харькове, цену, срок, адрес",10,Низкий,nan,nan,Отдельная SEO-страница,Максимальный,Keyword Stats 2026-05-14 at 17_22_01.csv
1,/remont-elektrosamokativ-kharkiv/,Ремонт електросамокатів у Харкові,Харків,електросамокат,ремонт єлектросамокатов,UA,Основной/дополнительный запрос,"Найти сервис по электросамокату в Харькове, цену, срок, адрес",10,Неизвестно,nan,nan,Отдельная SEO-страница,Максимальный,Keyword Stats 2026-05-14 at 17_21_21.csv
1,/remont-elektrosamokativ-kharkiv/,Ремонт електросамокатів у Харкові,Харків,електросамокат,сервис электросамокатов,RU,Основной/дополнительный запрос,"Найти сервис по электросамокату в Харькове, цену, срок, адрес",10,Низкий,nan,nan,Отдельная SEO-страница,Максимальный,Keyword Stats 2026-05-14 at 17_22_01.csv
1,/remont-elektrosamokativ-kharkiv/,Ремонт електросамокатів у Харкові,Харків,електросамокат,сервисный центр по ремонту электросамокатов,RU,Основной/дополнительный запрос,"Найти сервис по электросамокату в Харькове, цену, срок, адрес",10,Неизвестно,nan,nan,Отдельная SEO-страница,Максимальный,Keyword Stats 2026-05-14 at 17_21_21.csv
1,/remont-elektrosamokativ-kharkiv/,Ремонт електросамокатів у Харкові,Харків,електросамокат,сервисный центр самокатов,RU,Основной/дополнительный запрос,"Найти сервис по электросамокату в Харькове, цену, срок, адрес",10,Низкий,nan,nan,Отдельная SEO-страница,Максимальный,Keyword Stats 2026-05-14 at 17_21_21.csv
1,/remont-elektrosamokativ-kharkiv/,Ремонт електросамокатів у Харкові,Харків,електросамокат,сервисный центр электросамокатов,RU,Основной/дополнительный запрос,"Найти сервис по электросамокату в Харькове, цену, срок, адрес",10,Неизвестно,nan,nan,Отдельная SEO-страница,Максимальный,Keyword Stats 2026-05-14 at 17_21_21.csv
1,/remont-elektrosamokativ-kharkiv/,Ремонт електросамокатів у Харкові,Харків,електросамокат,электросамокат быстро разряжается,RU,Основной/дополнительный запрос,"Найти сервис по электросамокату в Харькове, цену, срок, адрес",10,Неизвестно,nan,nan,Отдельная SEO-страница,Максимальный,Keyword Stats 2026-05-14 at 17_19_48.csv
1,/remont-elektrosamokativ-kharkiv/,Ремонт електросамокатів у Харкові,Харків,електросамокат,электросамокат ремонт,RU,Основной/дополнительный запрос,"Найти сервис по электросамокату в Харькове, цену, срок, адрес",10,Низкий,nan,nan,Отдельная SEO-страница,Максимальный,Keyword Stats 2026-05-14 at 17_21_21.csv
1,/remont-elektrosamokativ-kharkiv/,Ремонт електросамокатів у Харкові,Харків,електросамокат,электросамокаты ремонт,RU,Основной/дополнительный запрос,"Найти сервис по электросамокату в Харькове, цену, срок, адрес",10,Низкий,nan,nan,Отдельная SEO-страница,Максимальный,Keyword Stats 2026-05-14 at 17_21_21.csv
1,/remont-elektrosamokativ-kharkiv/,Ремонт електросамокатів у Харкові,Харків,електросамокат,kugoo m4 pro не заряжается,RU,Брендовый блок,"Найти сервис по электросамокату в Харькове, цену, срок, адрес",0,Неизвестно,nan,nan,Пока блок бренда внутри основной страницы,Максимальный,Keyword Stats 2026-05-14 at 17_17_56.csv
1,/remont-elektrosamokativ-kharkiv/,Ремонт електросамокатів у Харкові,Харків,електросамокат,kugoo s1 не включается,RU,Брендовый блок,"Найти сервис по электросамокату в Харькове, цену, срок, адрес",0,Неизвестно,nan,nan,Пока блок бренда внутри основной страницы,Максимальный,Keyword Stats 2026-05-14 at 17_17_56.csv
1,/remont-elektrosamokativ-kharkiv/,Ремонт електросамокатів у Харкові,Харків,електросамокат,kugoo s3 pro не включается,RU,Брендовый блок,"Найти сервис по электросамокату в Харькове, цену, срок, адрес",0,Неизвестно,nan,nan,Пока блок бренда внутри основной страницы,Максимальный,Keyword Stats 2026-05-14 at 17_17_56.csv
1,/remont-elektrosamokativ-kharkiv/,Ремонт електросамокатів у Харкові,Харків,електросамокат,kugoo s3 быстро разряжается,RU,Брендовый блок,"Найти сервис по электросамокату в Харькове, цену, срок, адрес",0,Неизвестно,nan,nan,Пока блок бренда внутри основной страницы,Максимальный,Keyword Stats 2026-05-14 at 17_19_48.csv
1,/remont-elektrosamokativ-kharkiv/,Ремонт електросамокатів у Харкові,Харків,електросамокат,kugoo s3 не включается после зарядки,RU,Брендовый блок,"Найти сервис по электросамокату в Харькове, цену, срок, адрес",0,Неизвестно,nan,nan,Пока блок бренда внутри основной страницы,Максимальный,Keyword Stats 2026-05-14 at 17_17_56.csv
1,/remont-elektrosamokativ-kharkiv/,Ремонт електросамокатів у Харкові,Харків,електросамокат,kugoo s3 не заряжается,RU,Брендовый блок,"Найти сервис по электросамокату в Харькове, цену, срок, адрес",0,Неизвестно,nan,nan,Пока блок бренда внутри основной страницы,Максимальный,Keyword Stats 2026-05-14 at 17_17_56.csv
1,/remont-elektrosamokativ-kharkiv/,Ремонт електросамокатів у Харкові,Харків,електросамокат,ninebot es2 не заряжается,RU,Брендовый блок,"Найти сервис по электросамокату в Харькове, цену, срок, адрес",0,Неизвестно,nan,nan,Пока блок бренда внутри основной страницы,Максимальный,Keyword Stats 2026-05-14 at 17_17_56.csv
1,/remont-elektrosamokativ-kharkiv/,Ремонт електросамокатів у Харкові,Харків,електросамокат,не включается электросамокат kugoo s3,RU,Брендовый блок,"Найти сервис по электросамокату в Харькове, цену, срок, адрес",0,Неизвестно,nan,nan,Пока блок бренда внутри основной страницы,Максимальный,Keyword Stats 2026-05-14 at 17_17_56.csv
1,/remont-elektrosamokativ-kharkiv/,Ремонт електросамокатів у Харкові,Харків,електросамокат,не работает электросамокат,RU,Основной/дополнительный запрос,"Найти сервис по электросамокату в Харькове, цену, срок, адрес",0,Неизвестно,nan,nan,Отдельная SEO-страница,Максимальный,Keyword Stats 2026-05-14 at 17_21_21.csv
1,/remont-elektrosamokativ-kharkiv/,Ремонт електросамокатів у Харкові,Харків,електросамокат,ремонт самокатов куго,RU,Основной/дополнительный запрос,"Найти сервис по электросамокату в Харькове, цену, срок, адрес",0,Неизвестно,nan,nan,Отдельная SEO-страница,Максимальный,Keyword Stats 2026-05-14 at 17_21_21.csv
1,/remont-elektrosamokativ-kharkiv/,Ремонт електросамокатів у Харкові,Харків,електросамокат,ремонт электросамоката после воды харьков,RU,Коммерческий city-запрос,"Найти сервис по электросамокату в Харькове, цену, срок, адрес",0,Неизвестно,nan,nan,Отдельная SEO-страница,Максимальный,Keyword Stats 2026-05-14 at 17_19_48.csv
1,/remont-elektrosamokativ-kharkiv/,Ремонт електросамокатів у Харкові,Харків,електросамокат,ремонт электросамокатов kugoo харьков,RU,Брендовый блок,"Найти сервис по электросамокату в Харькове, цену, срок, адрес",0,Неизвестно,nan,nan,Пока блок бренда внутри основной страницы,Максимальный,Keyword Stats 2026-05-14 at 17_17_56.csv
1,/remont-elektrosamokativ-kharkiv/,Ремонт електросамокатів у Харкові,Харків,електросамокат,ремонт электросамокатов ninebot,RU,Брендовый блок,"Найти сервис по электросамокату в Харькове, цену, срок, адрес",0,Неизвестно,nan,nan,Пока блок бренда внутри основной страницы,Максимальный,Keyword Stats 2026-05-14 at 17_21_21.csv
1,/remont-elektrosamokativ-kharkiv/,Ремонт електросамокатів у Харкові,Харків,електросамокат,ремонт электросамокатов ninebot харьков,RU,Брендовый блок,"Найти сервис по электросамокату в Харькове, цену, срок, адрес",0,Неизвестно,nan,nan,Пока блок бренда внутри основной страницы,Максимальный,Keyword Stats 2026-05-14 at 17_17_56.csv
1,/remont-elektrosamokativ-kharkiv/,Ремонт електросамокатів у Харкові,Харків,електросамокат,ремонт электросамокатов куго,RU,Основной/дополнительный запрос,"Найти сервис по электросамокату в Харькове, цену, срок, адрес",0,Неизвестно,nan,nan,Отдельная SEO-страница,Максимальный,Keyword Stats 2026-05-14 at 17_21_21.csv
1,/remont-elektrosamokativ-kharkiv/,Ремонт електросамокатів у Харкові,Харків,електросамокат,ремонт электросамокатов харьков цены,RU,Коммерческий city-запрос,"Найти сервис по электросамокату в Харькове, цену, срок, адрес",0,Неизвестно,nan,nan,Отдельная SEO-страница,Максимальный,Keyword Stats 2026-05-14 at 17_19_07.csv
1,/remont-elektrosamokativ-kharkiv/,Ремонт електросамокатів у Харкові,Харків,електросамокат,самокат быстро разряжается,RU,Основной/дополнительный запрос,"Найти сервис по электросамокату в Харькове, цену, срок, адрес",0,Неизвестно,nan,nan,Отдельная SEO-страница,Максимальный,Keyword Stats 2026-05-14 at 17_19_48.csv
1,/remont-elektrosamokativ-kharkiv/,Ремонт електросамокатів у Харкові,Харків,електросамокат,сервис по ремонту электросамокатов,RU,Основной/дополнительный запрос,"Найти сервис по электросамокату в Харькове, цену, срок, адрес",0,Неизвестно,nan,nan,Отдельная SEO-страница,Максимальный,Keyword Stats 2026-05-14 at 17_28_59.csv
1,/remont-elektrosamokativ-kharkiv/,Ремонт електросамокатів у Харкові,Харків,електросамокат,сервис электросамокатов харьков,RU,Коммерческий city-запрос,"Найти сервис по электросамокату в Харькове, цену, срок, адрес",0,Неизвестно,nan,nan,Отдельная SEO-страница,Максимальный,Keyword Stats 2026-05-14 at 17_19_07.csv
1,/remont-elektrosamokativ-kharkiv/,Ремонт електросамокатів у Харкові,Харків,електросамокат,сервисный центр электросамокатов харьков,RU,Коммерческий city-запрос,"Найти сервис по электросамокату в Харькове, цену, срок, адрес",0,Неизвестно,nan,nan,Отдельная SEO-страница,Максимальный,Keyword Stats 2026-05-14 at 17_19_07.csv
1,/remont-elektrosamokativ-kharkiv/,Ремонт електросамокатів у Харкові,Харків,електросамокат,электросамокат kugoo s3 не включается,RU,Брендовый блок,"Найти сервис по электросамокату в Харькове, цену, срок, адрес",0,Неизвестно,nan,nan,Пока блок бренда внутри основной страницы,Максимальный,Keyword Stats 2026-05-14 at 17_17_56.csv
1,/remont-elektrosamokativ-kharkiv/,Ремонт електросамокатів у Харкові,Харків,електросамокат,діагностика електросамоката харків,UA,Коммерческий city-запрос,"Найти сервис по электросамокату в Харькове, цену, срок, адрес",,,,,Отдельная SEO-страница,Максимальный,Из переписки/маска для проверки
1,/remont-elektrosamokativ-kharkiv/,Ремонт електросамокатів у Харкові,Харків,електросамокат,мастерская электросамокатов харьков,RU,Коммерческий city-запрос,"Найти сервис по электросамокату в Харькове, цену, срок, адрес",,,,,Отдельная SEO-страница,Максимальный,Из переписки/маска для проверки
1,/remont-elektrosamokativ-kharkiv/,Ремонт електросамокатів у Харкові,Харків,електросамокат,ремонт електросамокатів харків,UA,Коммерческий city-запрос,"Найти сервис по электросамокату в Харькове, цену, срок, адрес",,,,,Отдельная SEO-страница,Максимальный,Из переписки/маска для проверки
1,/remont-elektrosamokativ-kharkiv/,Ремонт електросамокатів у Харкові,Харків,електросамокат,ремонт электросамоката харьков,RU,Коммерческий city-запрос,"Найти сервис по электросамокату в Харькове, цену, срок, адрес",,,,,Отдельная SEO-страница,Максимальный,Из переписки/маска для проверки
1,/remont-elektrosamokativ-kyiv/,Ремонт електросамокатів у Києві,Київ,електросамокат,майстерня електросамокатів київ,UA,Коммерческий city-запрос,Найти сервис по электросамокату в Киеве,,,,,Отдельная SEO-страница после харьковского эталона,Высокий,Из переписки/маска для проверки
1,/remont-elektrosamokativ-kyiv/,Ремонт електросамокатів у Києві,Київ,електросамокат,ремонт електросамокатів київ,UA,Коммерческий city-запрос,Найти сервис по электросамокату в Киеве,,,,,Отдельная SEO-страница после харьковского эталона,Высокий,Из переписки/маска для проверки
1,/remont-elektrosamokativ-kyiv/,Ремонт електросамокатів у Києві,Київ,електросамокат,ремонт электросамоката киев,RU,Коммерческий city-запрос,Найти сервис по электросамокату в Киеве,,,,,Отдельная SEO-страница после харьковского эталона,Высокий,Из переписки/маска для проверки
1,/remont-elektrosamokativ-kyiv/,Ремонт електросамокатів у Києві,Київ,електросамокат,ремонт электросамокатов киев,RU,Коммерческий city-запрос,Найти сервис по электросамокату в Киеве,,,,,Отдельная SEO-страница после харьковского эталона,Высокий,Из переписки/маска для проверки
1,/remont-elektrosamokativ-kyiv/,Ремонт електросамокатів у Києві,Київ,електросамокат,сервис электросамокатов киев,RU,Коммерческий city-запрос,Найти сервис по электросамокату в Киеве,,,,,Отдельная SEO-страница после харьковского эталона,Высокий,Из переписки/маска для проверки
1,/remont-elektroskuteriv-kharkiv/,Ремонт електроскутерів у Харкові,Харків,електроскутер,ремонт электроскутеров харьков,RU,Коммерческий city-запрос,"Найти ремонт электроскутера, батареи, контроллера, силовой части",30,Низкий,"1,27","9,45",Отдельная SEO-страница,Высокий,Keyword Stats 2026-05-14 at 17_21_21.csv
1,/remont-elektroskuteriv-kharkiv/,Ремонт електроскутерів у Харкові,Харків,електроскутер,электроскутер ремонт,RU,Основной/дополнительный запрос,"Найти ремонт электроскутера, батареи, контроллера, силовой части",10,Неизвестно,nan,nan,Отдельная SEO-страница,Высокий,Keyword Stats 2026-05-14 at 17_21_21.csv
1,/remont-elektroskuteriv-kharkiv/,Ремонт електроскутерів у Харкові,Харків,електроскутер,ремонт електроскутерів харків,UA,Коммерческий city-запрос,"Найти ремонт электроскутера, батареи, контроллера, силовой части",,,,,Отдельная SEO-страница,Высокий,Из переписки/маска для проверки
1,/remont-elektroskuteriv-kharkiv/,Ремонт електроскутерів у Харкові,Харків,електроскутер,ремонт электроскутера харьков,RU,Коммерческий city-запрос,"Найти ремонт электроскутера, батареи, контроллера, силовой части",,,,,Отдельная SEO-страница,Высокий,Из переписки/маска для проверки
1,/remont-elektroskuteriv-kharkiv/,Ремонт електроскутерів у Харкові,Харків,електроскутер,сервис электроскутеров харьков,RU,Коммерческий city-запрос,"Найти ремонт электроскутера, батареи, контроллера, силовой части",,,,,Отдельная SEO-страница,Высокий,Из переписки/маска для проверки
1,/remont-elektroskuteriv-kyiv/,Ремонт електроскутерів у Києві,Київ,електроскутер,ремонт електроскутерів київ,UA,Коммерческий city-запрос,Найти ремонт электроскутера в Киеве,,,,,Отдельная SEO-страница,Высокий,Из переписки/маска для проверки
1,/remont-elektroskuteriv-kyiv/,Ремонт електроскутерів у Києві,Київ,електроскутер,ремонт электроскутера киев,RU,Коммерческий city-запрос,Найти ремонт электроскутера в Киеве,,,,,Отдельная SEO-страница,Высокий,Из переписки/маска для проверки
1,/remont-elektroskuteriv-kyiv/,Ремонт електроскутерів у Києві,Київ,електроскутер,ремонт электроскутеров киев,RU,Коммерческий city-запрос,Найти ремонт электроскутера в Киеве,,,,,Отдельная SEO-страница,Высокий,Из переписки/маска для проверки
1,/remont-elektroskuteriv-kyiv/,Ремонт електроскутерів у Києві,Київ,електроскутер,сервис электроскутеров киев,RU,Коммерческий city-запрос,Найти ремонт электроскутера в Киеве,,,,,Отдельная SEO-страница,Высокий,Из переписки/маска для проверки
2,/remont-elektrovelosypediv/,Ремонт електровелосипедів,Харків + Київ,електровелосипед,ремонт электровелосипедов харьков,RU,Коммерческий city-запрос,"Ремонт электровелосипеда: мотор, батарея, контроллер, зарядка",50,Средний,"2,00","10,12","Отдельная страница, спрос есть",Высокий/средний,Keyword Stats 2026-05-14 at 17_22_01.csv
2,/remont-elektrovelosypediv/,Ремонт електровелосипедів,Харків + Київ,електровелосипед,ремонт электровелосипеда,RU,Основной/дополнительный запрос,"Ремонт электровелосипеда: мотор, батарея, контроллер, зарядка",20,Низкий,nan,nan,"Отдельная страница, спрос есть",Высокий/средний,Keyword Stats 2026-05-14 at 17_30_18.csv
2,/remont-elektrovelosypediv/,Ремонт електровелосипедів,Харків + Київ,електровелосипед,мастерская по ремонту электровелосипедов,RU,Основной/дополнительный запрос,"Ремонт электровелосипеда: мотор, батарея, контроллер, зарядка",10,Низкий,nan,nan,"Отдельная страница, спрос есть",Высокий/средний,Keyword Stats 2026-05-14 at 17_22_01.csv
2,/remont-elektrovelosypediv/,Ремонт електровелосипедів,Харків + Київ,електровелосипед,мастерские по ремонту электровелосипедов,RU,Основной/дополнительный запрос,"Ремонт электровелосипеда: мотор, батарея, контроллер, зарядка",10,Низкий,nan,nan,"Отдельная страница, спрос есть",Высокий/средний,Keyword Stats 2026-05-14 at 17_29_49.csv
2,/remont-elektrovelosypediv/,Ремонт електровелосипедів,Харків + Київ,електровелосипед,ремонт зарядного устройства электровелосипеда,RU,Блок поломки / FAQ,"Ремонт электровелосипеда: мотор, батарея, контроллер, зарядка",10,Неизвестно,nan,nan,Пока блок поломки / FAQ внутри основной страницы,Высокий/средний,Keyword Stats 2026-05-14 at 17_30_18.csv
2,/remont-elektrovelosypediv/,Ремонт електровелосипедів,Харків + Київ,електровелосипед,ремонт контроллера электровелосипеда,RU,Блок поломки / FAQ,"Ремонт электровелосипеда: мотор, батарея, контроллер, зарядка",10,Средний,nan,nan,Пока блок поломки / FAQ внутри основной страницы,Высокий/средний,Keyword Stats 2026-05-14 at 17_30_18.csv
2,/remont-elektrovelosypediv/,Ремонт електровелосипедів,Харків + Київ,електровелосипед,ремонт электровелосипедов,RU,Основной/дополнительный запрос,"Ремонт электровелосипеда: мотор, батарея, контроллер, зарядка",10,Низкий,nan,nan,"Отдельная страница, спрос есть",Высокий/средний,Keyword Stats 2026-05-14 at 17_22_01.csv
2,/remont-elektrovelosypediv/,Ремонт електровелосипедів,Харків + Київ,електровелосипед,ремонт электровелосипедов в харькове,RU,Коммерческий city-запрос,"Ремонт электровелосипеда: мотор, батарея, контроллер, зарядка",10,Средний,"1,82","12,03","Отдельная страница, спрос есть",Высокий/средний,Keyword Stats 2026-05-14 at 17_22_01.csv
2,/remont-elektrovelosypediv/,Ремонт електровелосипедів,Харків + Київ,електровелосипед,сервис электровелосипедов,RU,Основной/дополнительный запрос,"Ремонт электровелосипеда: мотор, батарея, контроллер, зарядка",10,Низкий,nan,nan,"Отдельная страница, спрос есть",Высокий/средний,Keyword Stats 2026-05-14 at 17_22_01.csv
2,/remont-elektrovelosypediv/,Ремонт електровелосипедів,Харків + Київ,електровелосипед,электровелосипед ремонт,RU,Основной/дополнительный запрос,"Ремонт электровелосипеда: мотор, батарея, контроллер, зарядка",10,Неизвестно,nan,nan,"Отдельная страница, спрос есть",Высокий/средний,Keyword Stats 2026-05-14 at 17_30_18.csv
2,/remont-elektrovelosypediv/,Ремонт електровелосипедів,Харків + Київ,електровелосипед,мастер по ремонту электровелосипедов,RU,Основной/дополнительный запрос,"Ремонт электровелосипеда: мотор, батарея, контроллер, зарядка",0,Неизвестно,nan,nan,"Отдельная страница, спрос есть",Высокий/средний,Keyword Stats 2026-05-14 at 17_22_01.csv
2,/remont-elektrovelosypediv/,Ремонт електровелосипедів,Харків + Київ,електровелосипед,ремонт мотора электровелосипеда,RU,Блок поломки / FAQ,"Ремонт электровелосипеда: мотор, батарея, контроллер, зарядка",0,Неизвестно,nan,nan,Пока блок поломки / FAQ внутри основной страницы,Высокий/средний,Keyword Stats 2026-05-14 at 17_30_18.csv
2,/remont-elektrovelosypediv/,Ремонт електровелосипедів,Харків + Київ,електровелосипед,ремонт електровелосипедів,UA,Основной/дополнительный запрос,"Ремонт электровелосипеда: мотор, батарея, контроллер, зарядка",,,,,"Отдельная страница, спрос есть",Высокий/средний,Из переписки/маска для проверки
2,/remont-hiroskuteriv/,Ремонт гіроскутерів,Харків + Київ,гіроскутер,гироскутер ремонт,RU,Основной/дополнительный запрос,"Ремонт гироскутера: плата, батарея, баланс, зарядка",10,Неизвестно,nan,nan,Отдельная страница второго этапа,Средний,Keyword Stats 2026-05-14 at 17_21_21.csv
2,/remont-hiroskuteriv/,Ремонт гіроскутерів,Харків + Київ,гіроскутер,переделка гироскутера под ручку газа,RU,Основной/дополнительный запрос,"Ремонт гироскутера: плата, батарея, баланс, зарядка",10,Неизвестно,nan,nan,Отдельная страница второго этапа,Средний,Keyword Stats 2026-05-14 at 17_22_01.csv
2,/remont-hiroskuteriv/,Ремонт гіроскутерів,Харків + Київ,гіроскутер,починка гироскутера,RU,Основной/дополнительный запрос,"Ремонт гироскутера: плата, батарея, баланс, зарядка",10,Неизвестно,nan,nan,Отдельная страница второго этапа,Средний,Keyword Stats 2026-05-14 at 17_21_21.csv
2,/remont-hiroskuteriv/,Ремонт гіроскутерів,Харків + Київ,гіроскутер,ремонт аккумулятора гироскутера,RU,Блок поломки / FAQ,"Ремонт гироскутера: плата, батарея, баланс, зарядка",10,Неизвестно,nan,nan,Пока блок поломки / FAQ внутри основной страницы,Средний,Keyword Stats 2026-05-14 at 17_22_01.csv
2,/remont-hiroskuteriv/,Ремонт гіроскутерів,Харків + Київ,гіроскутер,ремонт батареи гироскутера,RU,Блок поломки / FAQ,"Ремонт гироскутера: плата, батарея, баланс, зарядка",10,Неизвестно,nan,nan,Пока блок поломки / FAQ внутри основной страницы,Средний,Keyword Stats 2026-05-14 at 17_22_01.csv
2,/remont-hiroskuteriv/,Ремонт гіроскутерів,Харків + Київ,гіроскутер,ремонт гироскутер,RU,Основной/дополнительный запрос,"Ремонт гироскутера: плата, батарея, баланс, зарядка",10,Неизвестно,nan,nan,Отдельная страница второго этапа,Средний,Keyword Stats 2026-05-14 at 17_21_21.csv
2,/remont-hiroskuteriv/,Ремонт гіроскутерів,Харків + Київ,гіроскутер,ремонт гироскутера,RU,Основной/дополнительный запрос,"Ремонт гироскутера: плата, батарея, баланс, зарядка",10,Средний,"2,76","18,44",Отдельная страница второго этапа,Средний,Keyword Stats 2026-05-14 at 17_28_59.csv
2,/remont-hiroskuteriv/,Ремонт гіроскутерів,Харків + Київ,гіроскутер,ремонт гироскутера своими руками,RU,Основной/дополнительный запрос,"Ремонт гироскутера: плата, батарея, баланс, зарядка",10,Низкий,nan,nan,Отдельная страница второго этапа,Средний,Keyword Stats 2026-05-14 at 17_22_01.csv
2,/remont-hiroskuteriv/,Ремонт гіроскутерів,Харків + Київ,гіроскутер,ремонт гироскутеров,RU,Основной/дополнительный запрос,"Ремонт гироскутера: плата, батарея, баланс, зарядка",10,Средний,"2,76","18,44",Отдельная страница второго этапа,Средний,Keyword Stats 2026-05-14 at 17_21_21.csv
2,/remont-hiroskuteriv/,Ремонт гіроскутерів,Харків + Київ,гіроскутер,ремонт гироскутеров харьков,RU,Коммерческий city-запрос,"Ремонт гироскутера: плата, батарея, баланс, зарядка",10,Средний,"3,88","25,03",Отдельная страница второго этапа,Средний,Keyword Stats 2026-05-14 at 17_21_21.csv
2,/remont-hiroskuteriv/,Ремонт гіроскутерів,Харків + Київ,гіроскутер,ремонт зарядки гироскутера,RU,Блок поломки / FAQ,"Ремонт гироскутера: плата, батарея, баланс, зарядка",10,Низкий,nan,nan,Пока блок поломки / FAQ внутри основной страницы,Средний,Keyword Stats 2026-05-14 at 17_29_25.csv
2,/remont-hiroskuteriv/,Ремонт гіроскутерів,Харків + Київ,гіроскутер,ремонт платы гироскутера,RU,Основной/дополнительный запрос,"Ремонт гироскутера: плата, батарея, баланс, зарядка",10,Неизвестно,nan,nan,Отдельная страница второго этапа,Средний,Keyword Stats 2026-05-14 at 17_29_25.csv
2,/remont-hirobordiv/,Ремонт гіробордів,Харків + Київ,гіроборд,ремонт гироборда,RU,Основной/дополнительный запрос,"Ремонт гироборда: батарея, плата, корпус, зарядка",10,Неизвестно,nan,nan,Отдельная страница второго этапа,Средний,Keyword Stats 2026-05-14 at 17_28_59.csv
2,/remont-hirobordiv/,Ремонт гіробордів,Харків + Київ,гіроборд,ремонт гиробордов,RU,Основной/дополнительный запрос,"Ремонт гироборда: батарея, плата, корпус, зарядка",10,Низкий,nan,nan,Отдельная страница второго этапа,Средний,Keyword Stats 2026-05-14 at 17_21_21.csv
2,/remont-hirobordiv/,Ремонт гіробордів,Харків + Київ,гіроборд,ремонт гіроборда,UA,Основной/дополнительный запрос,"Ремонт гироборда: батарея, плата, корпус, зарядка",10,Неизвестно,nan,nan,Отдельная страница второго этапа,Средний,Keyword Stats 2026-05-14 at 17_28_59.csv
2,/remont-hirobordiv/,Ремонт гіробордів,Харків + Київ,гіроборд,ремонт аккумулятора гироборда,RU,Блок поломки / FAQ,"Ремонт гироборда: батарея, плата, корпус, зарядка",,,,,Пока блок поломки / FAQ внутри основной страницы,Средний,Из переписки/маска для проверки
2,/remont-hirobordiv/,Ремонт гіробордів,Харків + Київ,гіроборд,ремонт зарядки гироборда,RU,Блок поломки / FAQ,"Ремонт гироборда: батарея, плата, корпус, зарядка",,,,,Пока блок поломки / FAQ внутри основной страницы,Средний,Из переписки/маска для проверки
2,/remont-monokolis/,Ремонт моноколіс,Харків + Київ,моноколесо,ремонт моноколес,RU,Основной/дополнительный запрос,"Ремонт моноколеса: батарея, мотор, контроллер, корпус",10,Средний,nan,nan,Отдельная страница второго этапа,Средний,Keyword Stats 2026-05-14 at 17_22_01.csv
2,/remont-monokolis/,Ремонт моноколіс,Харків + Київ,моноколесо,ремонт моноколеса,RU,Основной/дополнительный запрос,"Ремонт моноколеса: батарея, мотор, контроллер, корпус",10,Средний,nan,nan,Отдельная страница второго этапа,Средний,Keyword Stats 2026-05-14 at 17_28_59.csv
2,/remont-monokolis/,Ремонт моноколіс,Харків + Київ,моноколесо,моноколесо ремонт,RU,Основной/дополнительный запрос,"Ремонт моноколеса: батарея, мотор, контроллер, корпус",0,Неизвестно,nan,nan,Отдельная страница второго этапа,Средний,Keyword Stats 2026-05-14 at 17_21_21.csv
2,/remont-monokolis/,Ремонт моноколіс,Харків + Київ,моноколесо,ремонт батареи моноколеса,RU,Блок поломки / FAQ,"Ремонт моноколеса: батарея, мотор, контроллер, корпус",,,,,Пока блок поломки / FAQ внутри основной страницы,Средний,Из переписки/маска для проверки
2,/remont-monokolis/,Ремонт моноколіс,Харків + Київ,моноколесо,сервис моноколес,RU,Основной/дополнительный запрос,"Ремонт моноколеса: батарея, мотор, контроллер, корпус",,,,,Отдельная страница второго этапа,Средний,Из переписки/маска для проверки
3,/remont-elektrosamokativ-xiaomi/,Ремонт електросамокатів Xiaomi,Харків + Київ,бренд електросамоката,xiaomi m365 не включается,RU,Брендовый блок,Ремонт конкретного бренда/модели,10,Неизвестно,nan,nan,Пока блок бренда внутри основной страницы,После проверки,Keyword Stats 2026-05-14 at 17_17_56.csv
3,/remont-elektrosamokativ-xiaomi/,Ремонт електросамокатів Xiaomi,Харків + Київ,бренд електросамоката,xiaomi m365 не заряжается,RU,Брендовый блок,Ремонт конкретного бренда/модели,10,Неизвестно,nan,nan,Пока блок бренда внутри основной страницы,После проверки,Keyword Stats 2026-05-14 at 17_17_56.csv
3,/remont-elektrosamokativ-xiaomi/,Ремонт електросамокатів Xiaomi,Харків + Київ,бренд електросамоката,ремонт зарядки xiaomi,RU,Брендовый блок,Ремонт конкретного бренда/модели,10,Неизвестно,nan,nan,Пока блок бренда внутри основной страницы,После проверки,Keyword Stats 2026-05-14 at 17_21_21.csv
3,/remont-elektrosamokativ-xiaomi/,Ремонт електросамокатів Xiaomi,Харків + Київ,бренд електросамоката,ремонт самоката xiaomi,RU,Брендовый блок,Ремонт конкретного бренда/модели,10,Средний,nan,nan,Пока блок бренда внутри основной страницы,После проверки,Keyword Stats 2026-05-14 at 17_21_21.csv
3,/remont-elektrosamokativ-xiaomi/,Ремонт електросамокатів Xiaomi,Харків + Київ,бренд електросамоката,ремонт самокатов сяоми,RU,Брендовый блок,Ремонт конкретного бренда/модели,10,Неизвестно,nan,nan,Пока блок бренда внутри основной страницы,После проверки,Keyword Stats 2026-05-14 at 17_21_21.csv
3,/remont-elektrosamokativ-xiaomi/,Ремонт електросамокатів Xiaomi,Харків + Київ,бренд електросамоката,ремонт электросамокатов xiaomi,RU,Брендовый блок,Ремонт конкретного бренда/модели,10,Низкий,nan,nan,Пока блок бренда внутри основной страницы,После проверки,Keyword Stats 2026-05-14 at 17_21_21.csv
3,/remont-elektrosamokativ-xiaomi/,Ремонт електросамокатів Xiaomi,Харків + Київ,бренд електросамоката,сервис самокатов xiaomi,RU,Брендовый блок,Ремонт конкретного бренда/модели,10,Неизвестно,nan,nan,Пока блок бренда внутри основной страницы,После проверки,Keyword Stats 2026-05-14 at 17_21_21.csv
3,/remont-elektrosamokativ-xiaomi/,Ремонт електросамокатів Xiaomi,Харків + Київ,бренд електросамоката,сервисный центр самокатов xiaomi,RU,Брендовый блок,Ремонт конкретного бренда/модели,10,Неизвестно,nan,nan,Пока блок бренда внутри основной страницы,После проверки,Keyword Stats 2026-05-14 at 17_21_21.csv
3,/remont-elektrosamokativ-xiaomi/,Ремонт електросамокатів Xiaomi,Харків + Київ,бренд електросамоката,электросамокат xiaomi не заряжается,RU,Брендовый блок,Ремонт конкретного бренда/модели,10,Неизвестно,nan,nan,Пока блок бренда внутри основной страницы,После проверки,Keyword Stats 2026-05-14 at 17_17_56.csv
3,/remont-elektrosamokativ-xiaomi/,Ремонт електросамокатів Xiaomi,Харків + Київ,бренд електросамоката,xiaomi m365 быстро разряжается,RU,Брендовый блок,Ремонт конкретного бренда/модели,0,Неизвестно,nan,nan,Пока блок бренда внутри основной страницы,После проверки,Keyword Stats 2026-05-14 at 17_19_48.csv
3,/remont-elektrosamokativ-xiaomi/,Ремонт електросамокатів Xiaomi,Харків + Київ,бренд електросамоката,xiaomi mijia m365 не заряжается,RU,Брендовый блок,Ремонт конкретного бренда/модели,0,Неизвестно,nan,nan,Пока блок бренда внутри основной страницы,После проверки,Keyword Stats 2026-05-14 at 17_17_56.csv
3,/remont-elektrosamokativ-xiaomi/,Ремонт електросамокатів Xiaomi,Харків + Київ,бренд електросамоката,ремонт электросамокатов xiaomi харьков,RU,Брендовый блок,Ремонт конкретного бренда/модели,0,Неизвестно,nan,nan,Пока блок бренда внутри основной страницы,После проверки,Keyword Stats 2026-05-14 at 17_17_56.csv
3,/remont-elektrosamokativ-xiaomi/,Ремонт електросамокатів Xiaomi,Харків + Київ,бренд електросамоката,ремонт камеры xiaomi,RU,Брендовый блок,Ремонт конкретного бренда/модели,,,,,Пока блок бренда внутри основной страницы,После проверки,Из переписки/маска для проверки
3,/remont-akumuliatora-elektrosamokata/,Ремонт акумулятора електросамоката,Харків + Київ,поломка електросамоката,не заряжается самокат,RU,Блок поломки / FAQ,Решить конкретную проблему с батареей/зарядкой,10,Неизвестно,nan,nan,Пока блок поломки / FAQ внутри основной страницы,После проверки,Keyword Stats 2026-05-14 at 17_17_56.csv
3,/remont-akumuliatora-elektrosamokata/,Ремонт акумулятора електросамоката,Харків + Київ,поломка електросамоката,не заряжается электросамокат,RU,Блок поломки / FAQ,Решить конкретную проблему с батареей/зарядкой,10,Низкий,nan,nan,Пока блок поломки / FAQ внутри основной страницы,После проверки,Keyword Stats 2026-05-14 at 17_17_56.csv
3,/remont-akumuliatora-elektrosamokata/,Ремонт акумулятора електросамоката,Харків + Київ,поломка електросамоката,самокат не заряжается,RU,Блок поломки / FAQ,Решить конкретную проблему с батареей/зарядкой,10,Низкий,nan,nan,Пока блок поломки / FAQ внутри основной страницы,После проверки,Keyword Stats 2026-05-14 at 17_17_56.csv
3,/remont-akumuliatora-elektrosamokata/,Ремонт акумулятора електросамоката,Харків + Київ,поломка електросамоката,электросамокат не заряжается,RU,Блок поломки / FAQ,Решить конкретную проблему с батареей/зарядкой,10,Низкий,nan,nan,Пока блок поломки / FAQ внутри основной страницы,После проверки,Keyword Stats 2026-05-14 at 17_17_56.csv
3,/remont-akumuliatora-elektrosamokata/,Ремонт акумулятора електросамоката,Харків + Київ,поломка електросамоката,замена аккумулятора электросамоката харьков,RU,Блок поломки / FAQ,Решить конкретную проблему с батареей/зарядкой,0,Неизвестно,nan,nan,Пока блок поломки / FAQ внутри основной страницы,После проверки,Keyword Stats 2026-05-14 at 17_17_56.csv
3,/remont-akumuliatora-elektrosamokata/,Ремонт акумулятора електросамоката,Харків + Київ,поломка електросамоката,самокат не заряжается до конца,RU,Блок поломки / FAQ,Решить конкретную проблему с батареей/зарядкой,0,Неизвестно,nan,nan,Пока блок поломки / FAQ внутри основной страницы,После проверки,Keyword Stats 2026-05-14 at 17_17_56.csv
3,/remont-akumuliatora-elektrosamokata/,Ремонт акумулятора електросамоката,Харків + Київ,поломка електросамоката,электрический самокат зарядка,RU,Блок поломки / FAQ,Решить конкретную проблему с батареей/зарядкой,0,Неизвестно,nan,nan,Пока блок поломки / FAQ внутри основной страницы,После проверки,Keyword Stats 2026-05-14 at 17_17_56.csv
3,/remont-akumuliatora-elektrosamokata/,Ремонт акумулятора електросамоката,Харків + Київ,поломка електросамоката,электросамокат не включается без зарядки,RU,Блок поломки / FAQ,Решить конкретную проблему с батареей/зарядкой,0,Неизвестно,nan,nan,Пока блок поломки / FAQ внутри основной страницы,После проверки,Keyword Stats 2026-05-14 at 17_17_56.csv
3,/remont-akumuliatora-elektrosamokata/,Ремонт акумулятора електросамоката,Харків + Київ,поломка електросамоката,ремонт аккумулятора электросамоката,RU,Блок поломки / FAQ,Решить конкретную проблему с батареей/зарядкой,,,,,Пока блок поломки / FAQ внутри основной страницы,После проверки,Из переписки/маска для проверки
3,/remont-akumuliatora-elektrosamokata/,Ремонт акумулятора електросамоката,Харків + Київ,поломка електросамоката,ремонт батареи электросамоката,RU,Блок поломки / FAQ,Решить конкретную проблему с батареей/зарядкой,,,,,Пока блок поломки / FAQ внутри основной страницы,После проверки,Из переписки/маска для проверки
3,/remont-kontrolera-elektrosamokata/,Ремонт контролера електросамоката,Харків + Київ,поломка електросамоката,замена контроллера электросамоката,RU,Блок поломки / FAQ,"Ремонт контроллера, ошибок, не едет/не включается",10,Высокий,nan,nan,Пока блок поломки / FAQ внутри основной страницы,После проверки,Keyword Stats 2026-05-14 at 17_21_21.csv
3,/remont-kontrolera-elektrosamokata/,Ремонт контролера електросамоката,Харків + Київ,поломка електросамоката,не включается самокат,RU,Блок поломки / FAQ,"Ремонт контроллера, ошибок, не едет/не включается",10,Низкий,nan,nan,Пока блок поломки / FAQ внутри основной страницы,После проверки,Keyword Stats 2026-05-14 at 17_17_56.csv
3,/remont-kontrolera-elektrosamokata/,Ремонт контролера електросамоката,Харків + Київ,поломка електросамоката,не включается электросамокат,RU,Блок поломки / FAQ,"Ремонт контроллера, ошибок, не едет/не включается",10,Низкий,nan,nan,Пока блок поломки / FAQ внутри основной страницы,После проверки,Keyword Stats 2026-05-14 at 17_17_56.csv
3,/remont-kontrolera-elektrosamokata/,Ремонт контролера електросамоката,Харків + Київ,поломка електросамоката,не едет электросамокат,RU,Блок поломки / FAQ,"Ремонт контроллера, ошибок, не едет/не включается",10,Низкий,nan,nan,Пока блок поломки / FAQ внутри основной страницы,После проверки,Keyword Stats 2026-05-14 at 17_21_21.csv
3,/remont-kontrolera-elektrosamokata/,Ремонт контролера електросамоката,Харків + Київ,поломка електросамоката,ремонт контроллера электросамоката,RU,Блок поломки / FAQ,"Ремонт контроллера, ошибок, не едет/не включается",10,Низкий,nan,nan,Пока блок поломки / FAQ внутри основной страницы,После проверки,Keyword Stats 2026-05-14 at 17_21_21.csv
3,/remont-kontrolera-elektrosamokata/,Ремонт контролера електросамоката,Харків + Київ,поломка електросамоката,самокат выключился и не включается,RU,Блок поломки / FAQ,"Ремонт контроллера, ошибок, не едет/не включается",10,Неизвестно,nan,nan,Пока блок поломки / FAQ внутри основной страницы,После проверки,Keyword Stats 2026-05-14 at 17_17_56.csv
3,/remont-kontrolera-elektrosamokata/,Ремонт контролера електросамоката,Харків + Київ,поломка електросамоката,самокат не включается,RU,Блок поломки / FAQ,"Ремонт контроллера, ошибок, не едет/не включается",10,Неизвестно,nan,nan,Пока блок поломки / FAQ внутри основной страницы,После проверки,Keyword Stats 2026-05-14 at 17_21_21.csv
3,/remont-kontrolera-elektrosamokata/,Ремонт контролера електросамоката,Харків + Київ,поломка електросамоката,электросамокат выключился и не включается,RU,Блок поломки / FAQ,"Ремонт контроллера, ошибок, не едет/не включается",10,Неизвестно,nan,nan,Пока блок поломки / FAQ внутри основной страницы,После проверки,Keyword Stats 2026-05-14 at 17_17_56.csv
3,/remont-kontrolera-elektrosamokata/,Ремонт контролера електросамоката,Харків + Київ,поломка електросамоката,электросамокат не включается,RU,Блок поломки / FAQ,"Ремонт контроллера, ошибок, не едет/не включается",10,Неизвестно,nan,nan,Пока блок поломки / FAQ внутри основной страницы,После проверки,Keyword Stats 2026-05-14 at 17_17_56.csv
3,/remont-kontrolera-elektrosamokata/,Ремонт контролера електросамоката,Харків + Київ,поломка електросамоката,электросамокат не включается дисплей,RU,Блок поломки / FAQ,"Ремонт контроллера, ошибок, не едет/не включается",10,Неизвестно,nan,nan,Пока блок поломки / FAQ внутри основной страницы,После проверки,Keyword Stats 2026-05-14 at 17_17_56.csv
3,/remont-kontrolera-elektrosamokata/,Ремонт контролера електросамоката,Харків + Київ,поломка електросамоката,электросамокат не включается причины,RU,Блок поломки / FAQ,"Ремонт контроллера, ошибок, не едет/не включается",10,Неизвестно,nan,nan,Пока блок поломки / FAQ внутри основной страницы,После проверки,Keyword Stats 2026-05-14 at 17_17_56.csv
3,/remont-kontrolera-elektrosamokata/,Ремонт контролера електросамоката,Харків + Київ,поломка електросамоката,электросамокат не едет,RU,Блок поломки / FAQ,"Ремонт контроллера, ошибок, не едет/не включается",10,Неизвестно,nan,nan,Пока блок поломки / FAQ внутри основной страницы,После проверки,Keyword Stats 2026-05-14 at 17_21_21.csv
3,/remont-kontrolera-elektrosamokata/,Ремонт контролера електросамоката,Харків + Київ,поломка електросамоката,ремонт контроллера самоката,RU,Блок поломки / FAQ,"Ремонт контроллера, ошибок, не едет/не включается",0,Неизвестно,nan,nan,Пока блок поломки / FAQ внутри основной страницы,После проверки,Keyword Stats 2026-05-14 at 17_21_21.csv
3,/remont-kontrolera-elektrosamokata/,Ремонт контролера електросамоката,Харків + Київ,поломка електросамоката,ремонт контроллера электросамоката харьков,RU,Блок поломки / FAQ,"Ремонт контроллера, ошибок, не едет/не включается",0,Неизвестно,nan,nan,Пока блок поломки / FAQ внутри основной страницы,После проверки,Keyword Stats 2026-05-14 at 17_17_56.csv
