"Source","Url","Slug","Title","Modified"
"sitemap_page","https://inservic.com.ua/","inservic.com.ua","",""
"sitemap_page","https://inservic.com.ua/about-us/","about-us","",""
"sitemap_page","https://inservic.com.ua/blog/","blog","",""
"wp_posts","https://inservic.com.ua/chishennya-noutbuka-ta-zamina-termopasti/","chishennya-noutbuka-ta-zamina-termopasti","Чищення ноутбука та заміна термопасти","26.02.2026 17:21:13"
"sitemap_page","https://inservic.com.ua/contact/","contact","",""
"wp_pages","https://inservic.com.ua/elektrosamokat-ne-vmykayetsya-kharkiv/","elektrosamokat-ne-vmykayetsya-kharkiv","Електросамокат не вмикається у Харкові","01.06.2026 11:49:42"
"sitemap_page","https://inservic.com.ua/elektrosamokat-ne-zaryadzhayetsya-kharkiv/","elektrosamokat-ne-zaryadzhayetsya-kharkiv","",""
"wp_pages","https://inservic.com.ua/elektrosamokat-pislya-vody-kharkiv/","elektrosamokat-pislya-vody-kharkiv","Ремонт електросамоката після води у Харкові","01.06.2026 11:40:24"
"wp_pages","https://inservic.com.ua/faqs/","faqs","Ваші запитання","24.03.2026 17:27:25"
"wp_posts","https://inservic.com.ua/iak-pryskoryty-shvydkodiiu-noutbuka-perevireni-metody-2024-roku/","iak-pryskoryty-shvydkodiiu-noutbuka-perevireni-metody-2024-roku","Як прискорити швидкодію ноутбука: перевірені методи 2024 року","12.06.2026 9:42:40"
"wp_posts","https://inservic.com.ua/majsternia-inservice-kharkiv-ekspertna-ustanovka-windows-xp-7-8-10-11-ta-profesijne-vydalennia-virusiv/","majsternia-inservice-kharkiv-ekspertna-ustanovka-windows-xp-7-8-10-11-ta-profesijne-vydalennia-virusiv","Експертна установка Windows (XP, 7, 8, 10, 11) та видалення вірусів","26.02.2026 15:46:09"
"sitemap_page","https://inservic.com.ua/mapa-sajtu/","mapa-sajtu","",""
"wp_posts","https://inservic.com.ua/nevidkladnyj-remont-noutbuka-pislia-z/","nevidkladnyj-remont-noutbuka-pislia-z","Невідкладний ремонт ноутбука після залиття","08.04.2024 17:05:57"
"wp_posts","https://inservic.com.ua/porady-shchodo-dohliadu-za-komp-iuterom-shchob-unyknuty-chastykh-polomok/","porady-shchodo-dohliadu-za-komp-iuterom-shchob-unyknuty-chastykh-polomok","Поради щодо догляду за комп&#8217;ютером, щоб уникнути частих поломок","15.10.2025 16:02:32"
"wp_pages","https://inservic.com.ua/posluhy-u-kharkovi/","posluhy-u-kharkovi","Послуги у Харкові","02.07.2026 13:24:34"
"wp_pages","https://inservic.com.ua/posluhy-v-kyievi/","posluhy-v-kyievi","Послуги в Києві","15.05.2026 12:27:00"
"sitemap_page","https://inservic.com.ua/remont-akumulyatora-elektrosamokata-kharkiv/","remont-akumulyatora-elektrosamokata-kharkiv","",""
"wp_pages","https://inservic.com.ua/remont-elektrosamokativ-crosser-kharkiv/","remont-elektrosamokativ-crosser-kharkiv","Ремонт електросамокатів Crosser у Харкові","01.06.2026 11:44:56"
"sitemap_page","https://inservic.com.ua/remont-elektrosamokativ-kugoo-kharkiv/","remont-elektrosamokativ-kugoo-kharkiv","",""
"wp_pages","https://inservic.com.ua/remont-elektrosamokativ-ninebot-kharkiv/","remont-elektrosamokativ-ninebot-kharkiv","Ремонт електросамокатів Ninebot у Харкові","01.06.2026 11:43:41"
"sitemap_page","https://inservic.com.ua/remont-elektrosamokativ-xiaomi-kharkiv/","remont-elektrosamokativ-xiaomi-kharkiv","",""
"wp_posts","https://inservic.com.ua/remont-elektrosamokativ/","remont-elektrosamokativ","Ремонт електросамокатів в Харкові: швидко,якісно з гарантією","26.02.2026 17:29:50"
"wp_pages","https://inservic.com.ua/remont-elektrotransportu-giant-kharkiv/","remont-elektrotransportu-giant-kharkiv","Ремонт електротранспорту Giant у Харкові","01.06.2026 11:45:32"
"wp_pages","https://inservic.com.ua/remont-kontrolera-elektrosamokata-kharkiv/","remont-kontrolera-elektrosamokata-kharkiv","Ремонт контролера електросамоката у Харкові","01.06.2026 11:35:12"
"wp_pages","https://inservic.com.ua/remont-motor-kolesa-elektrosamokata-kharkiv/","remont-motor-kolesa-elektrosamokata-kharkiv","Ремонт мотор-колеса електросамоката у Харкові","01.06.2026 11:38:59"
"wp_posts","https://inservic.com.ua/remont-portatyvnykh-zariadnykh-stantsij-servisnyj-tsentr-inservice-kharkiv-tsina/","remont-portatyvnykh-zariadnykh-stantsij-servisnyj-tsentr-inservice-kharkiv-tsina","Ремонт портативних зарядних станцій","26.02.2026 16:11:09"
"wp_posts","https://inservic.com.ua/remont-portatyvnykh-zariadnykh-stantsyj/","remont-portatyvnykh-zariadnykh-stantsyj","Професійний ремонт мобільних зарядних станцій","26.02.2026 17:20:52"
"wp_posts","https://inservic.com.ua/remont-pralnykh-mashyn-u-kharkovi-iak-znajty-nadijnyj-servis-bez-ryzyku/","remont-pralnykh-mashyn-u-kharkovi-iak-znajty-nadijnyj-servis-bez-ryzyku","Ремонт пральних машин у Харкові: як знайти надійний сервіс без ризику","12.06.2026 9:40:10"
"wp_posts","https://inservic.com.ua/remont-prynteriv-servisnyj-tsentr-inservice-kha/","remont-prynteriv-servisnyj-tsentr-inservice-kha","Ремонт принтерів в Харкові","26.02.2026 17:30:21"
"sitemap_page","https://inservic.com.ua/request/","request","",""
"sitemap_page","https://inservic.com.ua/ru/","ru","",""
"sitemap_page","https://inservic.com.ua/ru/aktsyy/","aktsyy","",""
"wp_posts","https://inservic.com.ua/ru/chystka-noutbuka-y-zamena-termopasty/","chystka-noutbuka-y-zamena-termopasty","Акция! -35% НА ЧИСТКУ НОУТБУКА И ЗАМЕНУ ТЕРМОПАСТЫ","15.10.2025 15:45:47"
"sitemap_page","https://inservic.com.ua/ru/jelektrosamokat-ne-vkliuchaetsia-v-kharkove/","jelektrosamokat-ne-vkliuchaetsia-v-kharkove","",""
"sitemap_page","https://inservic.com.ua/ru/jelektrosamokat-ne-zariazhaetsia-v-kharkove/","jelektrosamokat-ne-zariazhaetsia-v-kharkove","",""
"wp_posts","https://inservic.com.ua/ru/kak-uskoryt-bystrodejstvye-noutbuk/","kak-uskoryt-bystrodejstvye-noutbuk","Как ускорить быстродействие ноутбука: проверенные методы 2024 года","10.06.2024 12:06:15"
"wp_posts","https://inservic.com.ua/ru/kak-vybrat-servysnyj-tsentr-dlia-remon/","kak-vybrat-servysnyj-tsentr-dlia-remon","Ремонт стиральных машин: как найти надежный сервис без риска","12.06.2026 11:07:54"
"sitemap_page","https://inservic.com.ua/ru/karta-sajta/","karta-sajta","",""
"sitemap_page","https://inservic.com.ua/ru/kontakty/","kontakty","",""
"wp_posts","https://inservic.com.ua/ru/masterskaia-inservice-kharkov-jekspertnaia-usta/","masterskaia-inservice-kharkov-jekspertnaia-usta","Экспертная установка Windows (XP, 7, 8, 10, 11) и удаление вирусов","26.02.2026 15:51:37"
"wp_posts","https://inservic.com.ua/ru/neotlozhnyj-remont-noutbuka-posle-zal/","neotlozhnyj-remont-noutbuka-posle-zal","Неотложный ремонт ноутбука после залития","08.04.2024 17:07:28"
"wp_pages","https://inservic.com.ua/ru/o-nas/","o-nas","О нас","26.02.2026 15:13:39"
"wp_posts","https://inservic.com.ua/ru/remont-2/","remont-2","Ремонт портативных зарядных станций","26.02.2026 18:12:17"
"wp_pages","https://inservic.com.ua/ru/remont-akkumuliatora-jelektrosamokata-v-kharkove/","remont-akkumuliatora-jelektrosamokata-v-kharkove","Ремонт аккумулятора электросамоката в Харькове","01.06.2026 10:49:14"
"sitemap_page","https://inservic.com.ua/ru/remont-jelektrosamokata-posle-vody-v-kharkove/","remont-jelektrosamokata-posle-vody-v-kharkove","",""
"wp_pages","https://inservic.com.ua/ru/remont-jelektrosamokatov-crosser-v-kharkove/","remont-jelektrosamokatov-crosser-v-kharkove","Ремонт электросамокатов Crosser в Харькове","01.06.2026 11:22:17"
"wp_posts","https://inservic.com.ua/ru/remont-jelektrosamokatov-kharkov/","remont-jelektrosamokatov-kharkov","Ремонт электросамокатов: быстро, качественно, с гарантией","26.02.2026 18:12:54"
"sitemap_page","https://inservic.com.ua/ru/remont-jelektrosamokatov-kugoo-v-kharkove/","remont-jelektrosamokatov-kugoo-v-kharkove","",""
"wp_pages","https://inservic.com.ua/ru/remont-jelektrosamokatov-ninebot-v-kharkove/","remont-jelektrosamokatov-ninebot-v-kharkove","Ремонт электросамокатов Ninebot в Харькове","01.06.2026 11:20:29"
"wp_pages","https://inservic.com.ua/ru/remont-jelektrosamokatov-xiaomi-v-kharkove/","remont-jelektrosamokatov-xiaomi-v-kharkove","Ремонт электросамокатов Xiaomi в Харькове","01.06.2026 10:20:51"
"wp_pages","https://inservic.com.ua/ru/remont-jelektrotransporta-giant-v-kharkove/","remont-jelektrotransporta-giant-v-kharkove","Ремонт электротранспорта Giant в Харькове","01.06.2026 11:23:18"
"wp_pages","https://inservic.com.ua/ru/remont-kontrollera-jelektrosamokata-v-kharkove/","remont-kontrollera-jelektrosamokata-v-kharkove","Ремонт контроллера электросамоката в Харькове","01.06.2026 10:51:49"
"sitemap_page","https://inservic.com.ua/ru/remont-motor-kolesa-jelektrosamokata-v-kharkove/","remont-motor-kolesa-jelektrosamokata-v-kharkove","",""
"wp_posts","https://inservic.com.ua/ru/remont-prynterov-kharkov/","remont-prynterov-kharkov","Ремонт принтеров сервисный центр InService","26.02.2026 18:12:43"
"wp_posts","https://inservic.com.ua/ru/remont/","remont","Советы по уходу за компьютером, чтобы избежать частых поломок","14.11.2024 15:04:44"
"sitemap_service","https://inservic.com.ua/ru/service/re_hol/","re_hol","",""
"sitemap_service","https://inservic.com.ua/ru/service/rem-boyler/","rem-boyler","",""
"sitemap_service","https://inservic.com.ua/ru/service/rem-stir/","rem-stir","",""
"sitemap_service","https://inservic.com.ua/ru/service/remont-benzynovykh-heneratorov-v-kyeve/","remont-benzynovykh-heneratorov-v-kyeve","",""
"sitemap_service","https://inservic.com.ua/ru/service/remont-bojlerov-v-kyeve/","remont-bojlerov-v-kyeve","",""
"sitemap_service","https://inservic.com.ua/ru/service/remont-bytovoj-tekhnyky-v-kharkove/","remont-bytovoj-tekhnyky-v-kharkove","",""
"sitemap_service","https://inservic.com.ua/ru/service/remont-bytovoj-tekhnyky-v-kyeve/","remont-bytovoj-tekhnyky-v-kyeve","",""
"sitemap_service","https://inservic.com.ua/ru/service/remont-dyzelnykh-heneratorov-kharko/","remont-dyzelnykh-heneratorov-kharko","",""
"sitemap_service","https://inservic.com.ua/ru/service/remont-dyzelnykh-heneratorov-v-kyeve/","remont-dyzelnykh-heneratorov-v-kyeve","",""
"sitemap_service","https://inservic.com.ua/ru/service/remont-heneratorov-v-kyeve/","remont-heneratorov-v-kyeve","",""
"sitemap_service","https://inservic.com.ua/ru/service/remont-i-obsluzhivanie-planshetov/","remont-i-obsluzhivanie-planshetov","",""
"sitemap_service","https://inservic.com.ua/ru/service/remont-i-obsluzhivanie-telefonov/","remont-i-obsluzhivanie-telefonov","",""
"sitemap_service","https://inservic.com.ua/ru/service/remont-invertornikh-generatorov-kharkov/","remont-invertornikh-generatorov-kharkov","",""
"sitemap_service","https://inservic.com.ua/ru/service/remont-jelektrosamokatov-v-kharkove/","remont-jelektrosamokatov-v-kharkove","",""
"sitemap_service","https://inservic.com.ua/ru/service/remont-jelektroskuterov-v-kharkove/","remont-jelektroskuterov-v-kharkove","",""
"sitemap_service","https://inservic.com.ua/ru/service/remont-jelektrotransporta-v-kyeve/","remont-jelektrotransporta-v-kyeve","",""
"sitemap_service","https://inservic.com.ua/ru/service/remont-jelektrovelosypedov-v-kharkove/","remont-jelektrovelosypedov-v-kharkove","",""
"sitemap_service","https://inservic.com.ua/ru/service/remont-kholodylnykov-v-kyeve/","remont-kholodylnykov-v-kyeve","",""
"sitemap_service","https://inservic.com.ua/ru/service/remont-kofemashyn-v-kyeve/","remont-kofemashyn-v-kyeve","",""
"sitemap_service","https://inservic.com.ua/ru/service/remont-kompiuterov-inservice-v-kyeve/","remont-kompiuterov-inservice-v-kyeve","",""
"sitemap_service","https://inservic.com.ua/ru/service/remont-kompiuterov-v-kyeve/","remont-kompiuterov-v-kyeve","",""
"sitemap_service","https://inservic.com.ua/ru/service/remont-kond/","remont-kond","",""
"sitemap_service","https://inservic.com.ua/ru/service/remont-kondytsyonerov-v-kyeve/","remont-kondytsyonerov-v-kyeve","",""
"sitemap_service","https://inservic.com.ua/ru/service/remont-mykrovolnovok-v-kyeve/","remont-mykrovolnovok-v-kyeve","",""
"sitemap_service","https://inservic.com.ua/ru/service/remont-mykrovolnovok/","remont-mykrovolnovok","",""
"sitemap_service","https://inservic.com.ua/ru/service/remont-noutbukov-v-kyeve/","remont-noutbukov-v-kyeve","",""
"sitemap_service","https://inservic.com.ua/ru/service/remont-obsluzhyvanyia-kompiuterov-inservice-kha/","remont-obsluzhyvanyia-kompiuterov-inservice-kha","",""
"sitemap_service","https://inservic.com.ua/ru/service/remont-planshetov-v-kyeve/","remont-planshetov-v-kyeve","",""
"sitemap_service","https://inservic.com.ua/ru/service/remont-planshetov-y-telefonov-v-kyeve/","remont-planshetov-y-telefonov-v-kyeve","",""
"sitemap_service","https://inservic.com.ua/ru/service/remont-styralnykh-mashyn-v-kyeve/","remont-styralnykh-mashyn-v-kyeve","",""
"sitemap_service","https://inservic.com.ua/ru/service/remont-telefonov-smartfonov-v-kyeve/","remont-telefonov-smartfonov-v-kyeve","",""
"sitemap_service","https://inservic.com.ua/ru/service/remont-televyzorov-ot-inservice-v-kharkove-jek/","remont-televyzorov-ot-inservice-v-kharkove-jek","",""
"sitemap_service","https://inservic.com.ua/ru/service/remont-televyzorov-v-kyeve/","remont-televyzorov-v-kyeve","",""
"sitemap_service","https://inservic.com.ua/ru/service/remont-y-obsluzhyvanye-dyzelnykh-ynve/","remont-y-obsluzhyvanye-dyzelnykh-ynve","",""
"sitemap_service","https://inservic.com.ua/ru/service/remont-y-obsluzhyvanye-jelektrosamoka/","remont-y-obsluzhyvanye-jelektrosamoka","",""
"sitemap_service","https://inservic.com.ua/ru/service/remont-y-obsluzhyvanye-noutbukov/","remont-y-obsluzhyvanye-noutbukov","",""
"sitemap_service","https://inservic.com.ua/ru/service/remont-y-obsluzhyvanye-planshetov-y-tel/","remont-y-obsluzhyvanye-planshetov-y-tel","",""
"sitemap_service","https://inservic.com.ua/ru/service/servysnyj-tsentr-po-remontu-kompiuter/","servysnyj-tsentr-po-remontu-kompiuter","",""
"sitemap_service","https://inservic.com.ua/ru/service/servysnyj-tsentr-po-remontu-y-obsluzhyv/","servysnyj-tsentr-po-remontu-y-obsluzhyv","",""
"sitemap_service","https://inservic.com.ua/ru/service/tekhnycheskoe-obsluzhyvanye-y-remont-be/","tekhnycheskoe-obsluzhyvanye-y-remont-be","",""
"sitemap_service","https://inservic.com.ua/ru/service/vyezdnoj-kompiuternyj-master-ot-inservic/","vyezdnoj-kompiuternyj-master-ot-inservic","",""
"sitemap_service","https://inservic.com.ua/ru/service/vyezdnoj-kompiuternyj-master-ot-inservice-v-kyeve/","vyezdnoj-kompiuternyj-master-ot-inservice-v-kyeve","",""
"sitemap_page","https://inservic.com.ua/ru/staty/","staty","",""
"wp_pages","https://inservic.com.ua/ru/usluhy-v-kharkove/","usluhy-v-kharkove","Услуги в Харькове","02.07.2026 13:31:51"
"sitemap_page","https://inservic.com.ua/ru/usluhy-v-kyeve/","usluhy-v-kyeve","",""
"sitemap_page","https://inservic.com.ua/ru/usluhy/","usluhy","",""
"wp_pages","https://inservic.com.ua/ru/vashy-voprosy/","vashy-voprosy","Ваши вопросы","24.03.2026 17:25:50"
"wp_posts","https://inservic.com.ua/ru/vyzov-kompiuternoho-mastera/","vyzov-kompiuternoho-mastera","Вызов компьютерного мастера на дом: удобный выезд и быстрый ремонт","15.02.2024 12:07:17"
"wp_posts","https://inservic.com.ua/ru/zakaz-s-sajta-2/","zakaz-s-sajta-2","Заказ с сайта","26.02.2026 15:32:36"
"wp_posts","https://inservic.com.ua/ru/zakaz-s-sajta/","zakaz-s-sajta","Повторный заказ","26.02.2026 15:39:25"
"wp_posts","https://inservic.com.ua/ru/zamena/","zamena","Замена экрана телевизора","26.02.2026 18:13:03"
"sitemap_service","https://inservic.com.ua/service/boyler/","boyler","",""
"sitemap_service","https://inservic.com.ua/service/notebook/","notebook","",""
"sitemap_service","https://inservic.com.ua/service/obsluhovuvannia-kondytsioneriv-y-kievi/","obsluhovuvannia-kondytsioneriv-y-kievi","",""
"sitemap_service","https://inservic.com.ua/service/planshet/","planshet","",""
"sitemap_service","https://inservic.com.ua/service/pral-mash/","pral-mash","",""
"sitemap_service","https://inservic.com.ua/service/rem-el/","rem-el","",""
"sitemap_service","https://inservic.com.ua/service/rem-gen/","rem-gen","",""
"sitemap_service","https://inservic.com.ua/service/rem-hol/","rem-hol","",""
"sitemap_service","https://inservic.com.ua/service/rem-kof/","rem-kof","",""
"sitemap_service","https://inservic.com.ua/service/rem-komp/","rem-komp","",""
"sitemap_service","https://inservic.com.ua/service/rem-kond/","rem-kond","",""
"sitemap_service","https://inservic.com.ua/service/rem-teh/","rem-teh","",""
"sitemap_service","https://inservic.com.ua/service/remont-benzynovykh-heneratoriv-y-kievi/","remont-benzynovykh-heneratoriv-y-kievi","",""
"sitemap_service","https://inservic.com.ua/service/remont-boileriv-y-kievi/","remont-boileriv-y-kievi","",""
"sitemap_service","https://inservic.com.ua/service/remont-dyzelnykh-heneratoriv-y-kievi/","remont-dyzelnykh-heneratoriv-y-kievi","",""
"sitemap_service","https://inservic.com.ua/service/remont-elektrosamokativ-kharkiv/","remont-elektrosamokativ-kharkiv","",""
"sitemap_service","https://inservic.com.ua/service/remont-elektroskuteriv-u-kharkovi/","remont-elektroskuteriv-u-kharkovi","",""
"sitemap_service","https://inservic.com.ua/service/remont-elektrotransportu-y-kievi/","remont-elektrotransportu-y-kievi","",""
"sitemap_service","https://inservic.com.ua/service/remont-elektrovelosypediv-u-kharkovi/","remont-elektrovelosypediv-u-kharkovi","",""
"sitemap_service","https://inservic.com.ua/service/remont-heneratoriv-y-kievi/","remont-heneratoriv-y-kievi","",""
"sitemap_service","https://inservic.com.ua/service/remont-invertornykh-heneratoriv-y-kievi/","remont-invertornykh-heneratoriv-y-kievi","",""
"sitemap_service","https://inservic.com.ua/service/remont-kavomashyn-y-kievi/","remont-kavomashyn-y-kievi","",""
"sitemap_service","https://inservic.com.ua/service/remont-kholodylnykiv-y-kievi/","remont-kholodylnykiv-y-kievi","",""
"sitemap_service","https://inservic.com.ua/service/remont-kompiuteriv-y-kievi/","remont-kompiuteriv-y-kievi","",""
"sitemap_service","https://inservic.com.ua/service/remont-mikrokhvylovok-y-kievi/","remont-mikrokhvylovok-y-kievi","",""
"sitemap_service","https://inservic.com.ua/service/remont-noutbukiv-y-kievi/","remont-noutbukiv-y-kievi","",""
"sitemap_service","https://inservic.com.ua/service/remont-planshetiv-ta-telefoniv-y-kievi/","remont-planshetiv-ta-telefoniv-y-kievi","",""
"sitemap_service","https://inservic.com.ua/service/remont-planshetiv-y-kievi/","remont-planshetiv-y-kievi","",""
"sitemap_service","https://inservic.com.ua/service/remont-pobutovoi-tekhniky-z-harantiieiu-y-kievi/","remont-pobutovoi-tekhniky-z-harantiieiu-y-kievi","",""
"sitemap_service","https://inservic.com.ua/service/remont-pralnykh-mashyn-y-kievi/","remont-pralnykh-mashyn-y-kievi","",""
"sitemap_service","https://inservic.com.ua/service/remont-smartfoniv-y-kievi/","remont-smartfoniv-y-kievi","",""
"sitemap_service","https://inservic.com.ua/service/remont-ta-obsluhovuvannia-mikrokhvylovykh-pechej/","remont-ta-obsluhovuvannia-mikrokhvylovykh-pechej","",""
"sitemap_service","https://inservic.com.ua/service/remont-televizoriv-y-kievi/","remont-televizoriv-y-kievi","",""
"sitemap_service","https://inservic.com.ua/service/servisnyi-tsentr-inservice-y-kievi/","servisnyi-tsentr-inservice-y-kievi","",""
"sitemap_service","https://inservic.com.ua/service/servisnyj-tsentr-z-remontu-komp-iuteriv-inservice-u-kharkovi/","servisnyj-tsentr-z-remontu-komp-iuteriv-inservice-u-kharkovi","",""
"sitemap_service","https://inservic.com.ua/service/smartfon/","smartfon","",""
"sitemap_service","https://inservic.com.ua/service/smartphone/","smartphone","",""
"sitemap_service","https://inservic.com.ua/service/tablet/","tablet","",""
"sitemap_service","https://inservic.com.ua/service/tekhnchne-obslugovuvannya-ta-remont-benzinovikh-generatoriv/","tekhnchne-obslugovuvannya-ta-remont-benzinovikh-generatoriv","",""
"sitemap_service","https://inservic.com.ua/service/tekhnchne-obslugovuvannya-ta-remont-dizelnikh-generatoriv/","tekhnchne-obslugovuvannya-ta-remont-dizelnikh-generatoriv","",""
"sitemap_service","https://inservic.com.ua/service/tekhnchne-obslugovuvannya-ta-remont-invertornikh-generatoriv/","tekhnchne-obslugovuvannya-ta-remont-invertornikh-generatoriv","",""
"sitemap_service","https://inservic.com.ua/service/vyiznyi-kompiuternyi-maister-inservice-y-kievi/","vyiznyi-kompiuternyi-maister-inservice-y-kievi","",""
"sitemap_service","https://inservic.com.ua/service/vyiznyj-komp-iuternyj-majster-vid-inservice/","vyiznyj-komp-iuternyj-majster-vid-inservice","",""
"sitemap_page","https://inservic.com.ua/services-style-1-2/","services-style-1-2","",""
"sitemap_page","https://inservic.com.ua/statti/","statti","",""
"wp_posts","https://inservic.com.ua/vyklyk-komp-iuternoho-majstra-dodomu-zruchnyj-vyizd-ta-shvydkyj-remont/","vyklyk-komp-iuternoho-majstra-dodomu-zruchnyj-vyizd-ta-shvydkyj-remont","Виклик комп&#8217;ютерного майстра додому: зручний виїзд та швидкий ремонт","15.10.2025 16:00:31"
"wp_posts","https://inservic.com.ua/zamina-ekranu-televizora-tsina-kharkiv-inservice/","zamina-ekranu-televizora-tsina-kharkiv-inservice","Заміна екрану телевізора","12.06.2026 9:43:21"
"wp_posts","https://inservic.com.ua/zamovlennya-z-sajtu-2/","zamovlennya-z-sajtu-2","Повторне замовлення","26.02.2026 15:40:43"
"wp_posts","https://inservic.com.ua/zamovlennya-z-sajtu/","zamovlennya-z-sajtu","Замовлення з сайту","12.06.2026 9:45:12"
